item_id,area,requirement,evidence_source,evidence_status,blocking,notes
AS-001,entry_gate,PMAI-P0-02 is COMPLETE and hands off only to PMAI-P0-03.,docs/clinical_data/TREATMENT_FRAMEWORK_SIGNED_REVIEW_STATE_PERSISTENCE_MIGRATION_ROLLBACK_RESTORE_EVIDENCE_V1.md,PASS_REFERENCE,yes,GO_TO_TREATMENT_FRAMEWORK_SIGNED_REVIEW_STATE_PERSISTENCE_MIGRATION_AUTHENTICATED_STAGING_SMOKE_V1
AS-002,staging_backend,Use an isolated Ohio staging backend with a staging-only secret and staging database.,operator_verified_render_service_record,VERIFIED_OPERATOR_RECORD,yes,Production backend and database were not attached.
AS-003,hard_gate,Staging and production version and feature-flag hard gates remain 0009 and safe.,external_sanitized_evidence_json,VERIFIED_EXTERNAL_EVIDENCE,yes,sha256=da52b46466a65316331d420c809bc406e49dfa722b1b5875667e30db50eef213
AS-004,authentication,Create and authenticate synthetic users A and B.,external_sanitized_evidence_json,VERIFIED_EXTERNAL_EVIDENCE,yes,sha256=da52b46466a65316331d420c809bc406e49dfa722b1b5875667e30db50eef213
AS-005,owner_scope,User A owns the synthetic case and user B cannot read it.,external_sanitized_evidence_json,VERIFIED_EXTERNAL_EVIDENCE,yes,Cross-user access returned 404; sha256=da52b46466a65316331d420c809bc406e49dfa722b1b5875667e30db50eef213
AS-006,framework_build,Build confirmed-diagnosis treatment framework under user A authentication.,external_sanitized_evidence_json,VERIFIED_EXTERNAL_EVIDENCE,yes,Dry-run only; sha256=da52b46466a65316331d420c809bc406e49dfa722b1b5875667e30db50eef213
AS-007,clinician_review,Review the framework as a clinician and preserve the case association.,external_sanitized_evidence_json,VERIFIED_EXTERNAL_EVIDENCE,yes,No review-state persistence; sha256=da52b46466a65316331d420c809bc406e49dfa722b1b5875667e30db50eef213
AS-008,audit_link,Append exactly one owner-scoped treatment-framework audit row.,external_sanitized_evidence_json,VERIFIED_EXTERNAL_EVIDENCE,yes,Append-only audit was the only treatment-chain write; sha256=da52b46466a65316331d420c809bc406e49dfa722b1b5875667e30db50eef213
AS-009,signed_preview,Build signed review state preview linked to the correct case review and audit.,external_sanitized_evidence_json,VERIFIED_EXTERNAL_EVIDENCE,yes,Preview was not persisted; sha256=da52b46466a65316331d420c809bc406e49dfa722b1b5875667e30db50eef213
AS-010,persistence_prepare,Build signed review state persistence prepare preview.,external_sanitized_evidence_json,VERIFIED_EXTERNAL_EVIDENCE,yes,No database write; sha256=da52b46466a65316331d420c809bc406e49dfa722b1b5875667e30db50eef213
AS-011,migration_path,Build signed-review migration path preview while revision remains 0009.,external_sanitized_evidence_json,VERIFIED_EXTERNAL_EVIDENCE,yes,No 0010 file or schema apply; sha256=da52b46466a65316331d420c809bc406e49dfa722b1b5875667e30db50eef213
AS-012,idempotency,Prove deterministic dry-run replay and one-time audit append strategy.,external_sanitized_evidence_json,VERIFIED_EXTERNAL_EVIDENCE,yes,Real append was not replayed; sha256=da52b46466a65316331d420c809bc406e49dfa722b1b5875667e30db50eef213
AS-013,failure_atomicity,Prove invalid and cross-user requests leave no partial write.,external_sanitized_evidence_json,VERIFIED_EXTERNAL_EVIDENCE,yes,Case snapshot and audit count remained stable; sha256=da52b46466a65316331d420c809bc406e49dfa722b1b5875667e30db50eef213
AS-014,secret_safety,Evidence contains no token password email connection URI or raw identifiers.,external_sanitized_evidence_json_and_package_validator,VERIFIED_STATIC_AND_EXTERNAL,yes,sha256=da52b46466a65316331d420c809bc406e49dfa722b1b5875667e30db50eef213
AS-015,production_safety,Production remains at revision and head 0009 with dangerous flags disabled.,external_sanitized_evidence_json,VERIFIED_RUNTIME_EVIDENCE,yes,Production checks were read-only; sha256=da52b46466a65316331d420c809bc406e49dfa722b1b5875667e30db50eef213
AS-016,next_stage,PMAI-P0-03 is complete and only P0-04 entry is authorized.,docs/clinical_data/TREATMENT_FRAMEWORK_SIGNED_REVIEW_STATE_PERSISTENCE_MIGRATION_AUTHENTICATED_STAGING_SMOKE_V1.md,COMPLETE_NEXT_STAGE_ENTRY_AUTHORIZED,yes,0010 is not created or executed by this promotion.
